Workbook

Sheet Ventas_Limpias
A1: ID_Transaccion | B1: Fecha | C1: Categoria | D1: Producto | E1: Precio | F1: Canal | G1: Region | H1: Clasificacion_Ventas
A2: VT001 | B2: 45566 | C2: Electrónica | D2: Audífonos Bluetooth | E2: 45000 | F2: Web | G2: Metropolitana | H2: =IF(Ventas_Limpias[[#This Row],[Precio]]>75000,"Alta",IF(Ventas_Limpias[[#This Row],[Precio]]>=30000,"Media","Baja")) -> Media
A3: VT002 | B3: 45566 | C3: Hogar | D3: Aspiradora Robot | E3: 189000 | F3: App | G3: Valparaíso | H3: =IF(Ventas_Limpias[[#This Row],[Precio]]>75000,"Alta",IF(Ventas_Limpias[[#This Row],[Precio]]>=30000,"Media","Baja")) -> Alta
A4: VT003 | B4: 45567 | C4: Moda | D4: Zapatillas Running | E4: 65000 | F4: Web | G4: No especificado | H4: =IF(Ventas_Limpias[[#This Row],[Precio]]>75000,"Alta",IF(Ventas_Limpias[[#This Row],[Precio]]>=30000,"Media","Baja")) -> Media
A5: VT004 | B5: 45567 | C5: Deportes | D5: Pelota de Fútbol | E5: 25000 | F5: App | G5: Biobío | H5: =IF(Ventas_Limpias[[#This Row],[Precio]]>75000,"Alta",IF(Ventas_Limpias[[#This Row],[Precio]]>=30000,"Media","Baja")) -> Baja
A6: VT005 | B6: 45568 | C6: Electrónica | D6: Mouse Gaming | E6: 38000 | F6: Web | G6: Metropolitana | H6: =IF(Ventas_Limpias[[#This Row],[Precio]]>75000,"Alta",IF(Ventas_Limpias[[#This Row],[Precio]]>=30000,"Media","Baja")) -> Media
A7: VT006 | B7: 45568 | C7: Hogar | D7: Juego de Sábanas | E7: 42000 | F7: App | G7: No especificado | H7: =IF(Ventas_Limpias[[#This Row],[Precio]]>75000,"Alta",IF(Ventas_Limpias[[#This Row],[Precio]]>=30000,"Media","Baja")) -> Media
A8: VT007 | B8: 45569 | C8: Moda | D8: Chaqueta Invierno | E8: 95000 | F8: Web | G8: Araucanía | H8: =IF(Ventas_Limpias[[#This Row],[Precio]]>75000,"Alta",IF(Ventas_Limpias[[#This Row],[Precio]]>=30000,"Media","Baja")) -> Alta
A9: VT008 | B9: 45569 | C9: Deportes | D9: Bicicleta MTB | E9: 320000 | F9: App | G9: Metropolitana | H9: =IF(Ventas_Limpias[[#This Row],[Precio]]>75000,"Alta",IF(Ventas_Limpias[[#This Row],[Precio]]>=30000,"Media","Baja")) -> Alta
A10: VT009 | B10: 45570 | C10: Electrónica | D10: Smart TV 55" | E10: 450000 | F10: Web | G10: Valparaíso | H10: =IF(Ventas_Limpias[[#This Row],[Precio]]>75000,"Alta",IF(Ventas_Limpias[[#This Row],[Precio]]>=30000,"Media","Baja")) -> Alta
A11: VT010 | B11: 45570 | C11: Moda | D11: Jeans Slim Fit | E11: 52000 | F11: App | G11: No especificado | H11: =IF(Ventas_Limpias[[#This Row],[Precio]]>75000,"Alta",IF(Ventas_Limpias[[#This Row],[Precio]]>=30000,"Media","Baja")) -> Media
A12: VT011 | B12: 45571 | C12: Hogar | D12: Microondas Digital | E12: 85000 | F12: Web | G12: Coquimbo | H12: =IF(Ventas_Limpias[[#This Row],[Precio]]>75000,"Alta",IF(Ventas_Limpias[[#This Row],[Precio]]>=30000,"Media","Baja")) -> Alta
A13: VT012 | B13: 45571 | C13: Deportes | D13: Pesas Ajustables | E13: 78000 | F13: Web | G13: Metropolitana | H13: =IF(Ventas_Limpias[[#This Row],[Precio]]>75000,"Alta",IF(Ventas_Limpias[[#This Row],[Precio]]>=30000,"Media","Baja")) -> Alta
... A31: VT030 | B31: 45580 | C31: Moda | D31: Gorro Invierno | E31: 22000 | F31: App | G31: Biobío | H31: =IF(Ventas_Limpias[[#This Row],[Precio]]>75000,"Alta",IF(Ventas_Limpias[[#This Row],[Precio]]>=30000,"Media","Baja")) -> Baja

Sheet Analisis_Ventas
B2: Ventas Totales
B3: Categoria | C3: Total
B4: {=_xlfn.UNIQUE(Ventas_Limpias[Categoria])} -> Electrónica | C4: =SUMIF(Ventas_Limpias[Categoria],Analisis_Ventas!B4,Ventas_Limpias[Precio]) -> 935000
B5: Hogar | C5: =SUMIF(Ventas_Limpias[Categoria],Analisis_Ventas!B5,Ventas_Limpias[Precio]) -> 649000
B6: Moda | C6: =SUMIF(Ventas_Limpias[Categoria],Analisis_Ventas!B6,Ventas_Limpias[Precio]) -> 478000
B7: Deportes | C7: =SUMIF(Ventas_Limpias[Categoria],Analisis_Ventas!B7,Ventas_Limpias[Precio]) -> 523000
B10: Ticket Promedio
B11: Canal | C11: Valor Promedio
B12: {=_xlfn.UNIQUE(Ventas_Limpias[Canal])} -> Web | C12: =AVERAGEIF(Ventas_Limpias[Canal],Analisis_Ventas!B12,Ventas_Limpias[Precio]) -> 94733.333
B13: App | C13: =AVERAGEIF(Ventas_Limpias[Canal],Analisis_Ventas!B13,Ventas_Limpias[Precio]) -> 77600
B16: Transacciones promedio
B17: Condicion | C17: Cantidad
B18: > $50.000 | C18: =COUNTIF(Ventas_Limpias[Precio],">50000") -> 17

Sheet Dashboard
B3: Meses (Fecha) | C3: (Todas)
B5: Canal | C5: Categoria | D5: Total Ventas
B6: App | C6: Deportes | D6: 6
B7: App | C7: Electrónica | D7: 1
B8: App | C8: Hogar | D8: 3
B9: App | C9: Moda | D9: 5
B10: Web | C10: Deportes | D10: 1
B11: Web | C11: Electrónica | D11: 7
B12: Web | C12: Hogar | D12: 4
B13: Web | C13: Moda | D13: 3

Sheet Conclusiones
